ID,Type_atorizovan_id,FIO,Nomber_Phone,Login,Password
1,3,Егорова Арина Германовна,7 (941) 133-30-23,login1,pass1
2,4,Щербакова Таисия Михайловна,7 (943) 385-78-10,login2,pass2
3,4,Мартынов Александр Тихонович,7 (969) 935-94-63,login3,pass3
4,3,Майорова Амалия Ивановна,8 (941) 133-30-23,login4,pass4
5,1,Попова Мария Леонидовна,7 (941) 133-45-28,login5,pass5
6,1,Глухов Иван Георгиевич,8 (979) 925-94-63,login6,pass6
7,1,Попова Елена Леонидовна,9 (983) 755-78-10,login7,pass7