ID,Naimenovanie,Opisanie,id_Proisvoditel,Price,Sale,Photo
1,"Книга ""Красная Шапочка""",сказка,1,1700,0,
2,"Книга ""Бедная Лиза""",сентиментальная повесть,2,1500,15,
3,"Книга ""Маленький принц""",повесть-сказка,3,2600,0,
4,"Книга ""Ревизоро""",комедия,1,2450,15,
5,"Книга ""Евгений Онегин""",роман в стихах,1,2860,5,
6,"Книга ""Момо""",Фантастика и фэнтези,3,1650,10,
7,"Книга ""Мертвые Души""",поэма,4,2350,0,
8,"Книга ""война и мир""",роман,4,2890,10,